use qlsv_db;
/*
INSERT INTO `academicstaff` VALUES ('huytq','Quang Huy','123',NULL,NULL),('nguyenbk','Trung Nguyên','123',NULL,NULL),('toantvt','Thanh Toàn','123',NULL,NULL),('tuta','Anhtu','123',NULL,NULL);
INSERT INTO `availableterm` VALUES (20151),(20152),(20153),(20161),(20162),(20163),(20171),(20172);
INSERT INTO `faculty` VALUES (1,'Công nghệ thông tin'),(2,'ĐTVT'),(3,'Tự động hóa'),(4,'Toán tin ứng dụng');
INSERT INTO `department` VALUES (11,'Khoa học máy tính',1),(12,'Hệ thống thông tin',1),(13,'CNPM',1),(14,'Kỹ thuật máy tính',1),(21,'KTĐT - KTMT',2),(22,'KTTT',2),(23,'KTYS',2),(24,'KTHK VT',2);
INSERT INTO `subject` VALUES ('ET4230','Mạng máy tính',3,4.0,0.7,'3-0-1-6',2),('ET4290','Hệ điều hành',2,3.0,0.7,'2-1-0-4',2),('ET4340','VLSI',3,5.0,0.7,'3-1-0-6',2),('ET4360','Thiết kế hệ nhúng',2,3.0,0.7,'2-1-0-4',2),('IT3010','CTDL và giải thuật',3,4.5,0.7,'3-1-0-6',1),('IT3650','Lập trình Java',3,6.0,0.7,'0-0-6-6',1),('IT4895','CN web tiên tiến',2,3.0,0.7,'2-1-0-4',1);
INSERT INTO `svclass` VALUES ('110560','CNTT1.05 - K60',0,NULL,NULL,1),('121061','CNTT2.10 - K61',4,NULL,NULL,1),('30358','ĐTTT 03 - K58',0,NULL,NULL,2),('30458','ĐTTT 04 - K58',3,NULL,NULL,2),('30558','ĐTTT 05 - K58',3,NULL,NULL,2);
INSERT INTO `teacher` VALUES ('binhnt','Nguyễn Thanh Bình','123',21,NULL,NULL,NULL,NULL,NULL),('chuyennt','Nguyễn Thành Chuyên','123',22,NULL,NULL,NULL,NULL,NULL),('cuongvl','Võ Lê Cường','123',21,NULL,NULL,NULL,NULL,NULL),('hiepnd','Nguyễn Duy Hiệp','123',11,NULL,NULL,NULL,NULL,NULL),('khoattq','Thân Quang Khoát','123',12,NULL,NULL,NULL,NULL,NULL),('minhnd','Nguyễn Đức Minh','123',21,NULL,NULL,NULL,NULL,NULL),('nampn','Phạm Ngọc Nam','123',21,NULL,NULL,NULL,NULL,NULL),('thanhnh','Nguyễn Hữu Thanh','123',22,NULL,NULL,NULL,NULL,NULL),('trungtt','Trịnh Thành Trung','123',13,NULL,NULL,NULL,NULL,NULL),('tungbt','Bùi Trọng Tùng','123',12,NULL,NULL,NULL,NULL,NULL),('vupx','Phan Xuân Vũ','123',21,NULL,NULL,NULL,NULL,NULL);
INSERT INTO `student` VALUES (20131000,'Nguyên bk','123','Hanoi','nguyenbk@gmail.com','0987643521',NULL,'30458'),(20131001,'Thanh Toàn','123','BG',NULL,NULL,NULL,'30558'),(20131002,'Trần Quang Huy','123','HN',NULL,NULL,NULL,'30458'),(20131003,'Phan Việt','123','HN',NULL,NULL,NULL,'30558'),(20131004,'Bùi Duy Thông','123','HCM',NULL,NULL,NULL,'30558'),(20134509,'Tạ Anh Tú','1','Hà Nội',NULL,'0974273728',NULL,'30458'),(20134510,'Sanji Nguyễn','123','Cà Mau',NULL,NULL,NULL,'121061'),(20134511,'Monkey D.Luffy','123','West Blue',NULL,NULL,NULL,'121061'),(20134513,'Nami','123','Kyoto',NULL,NULL,NULL,'121061'),(20134515,'Portgas D.Ace','123','East Blue',NULL,NULL,NULL,'121061');
INSERT INTO `course` VALUES (17001,'IT3010',20171,'LT+BT','12h30 - 15h50',2,'2-9, 11-18','TC-204','tungbt'),(17002,'IT3010',20171,'LT+BT','12h30 - 15h50',3,'2-9, 11-18','TC-205','hiepnd'),(17003,'IT3010',20171,'LT+BT','6h45 - 10h5',4,'2-9, 11-18','TC-504','hiepnd'),(17004,'IT3010',20171,'LT+BT','12h30 - 15h50',6,'2-9, 11-18','TC-211','trungtt'),(17005,'IT3650',20162,'TH','6h45 - 9h15',3,'2-9, 11-18','B1-403','tungbt'),(17005,'IT3650',20162,'TH','6h45 - 9h15',6,'2-9, 11-18','B1-403','tungbt'),(17006,'IT4895',20171,'LT+BT','15h5 - 17h35',6,'2-9, 11-18','TC-210','binhnt'),(17007,'IT4895',20171,'LT+BT','6h45 - 9h15',2,'2-9, 11-18','TC-213','hiepnd'),(17008,'ET4230',20162,'LT+BT','6h45 - 9h15',2,'2-9, 11-18','TC-211','nampn'),(17009,'ET4230',20171,'LT+BT','9h20 - 11h50',2,'2-9, 11-18','TC-313','nampn'),(17010,'ET4230',20171,'LT+BT','9h20 - 11h50',3,'2-9, 11-18','TC-301','thanhnh'),(17011,'ET4290',20171,'LT+BT','12h30 - 15h5',3,'2-9, 11-18','TC-303','thanhnh'),(17012,'ET4290',20162,'LT+BT','15h5 - 17h35',3,'2-9, 11-18','TC-311','minhnd'),(17013,'ET4340',20171,'LT+BT','6h45 - 10h5',4,'2-9, 11-18','TC-308','vupx'),(17014,'ET4340',20171,'LT+BT','8h20 - 11h50',6,'2-9, 11-18','TC-308','vupx');
INSERT INTO `cpa` VALUES (20134509,20161,15,100,2.11,2.22),(20134509,20162,17,117,2.13,2.21),(20134509,20163,8,125,2.10,2.19),(20134509,20171,15,140,2.23,2.20);
INSERT INTO `timetable` VALUES (17001,20134509),(17003,20131001),(17005,20134509),(17006,20134509),(17012,20134509),(17013,20131001),(17013,20134509),(17014,20131001);
*/
-- INSERT INTO `scoreboard` VALUES (20134509,17001,7.0,7.0,7.0,'B'),(20134509,17002,10.0,10.0,10.0,'A+'),(20134509,17003,7.0,6.0,6.3,'C+'),(20134509,17004,8.0,9.0,8.7,'A'),(20134509,17006,8.5,8.5,8.5,'A'),(20134509,17005,7.0,8.0,7.7,'B');